/*
 Navicat Premium Data Transfer

 Source Server         : root
 Source Server Type    : MySQL
 Source Server Version : 50737
 Source Host           : 47.109.28.131:3306
 Source Schema         : xm-blog

 Target Server Type    : MySQL
 Target Server Version : 50737
 File Encoding         : 65001

 Date: 15/01/2024 22:10:45
*/

SET NAMES utf8mb4;
SET FOREIGN_KEY_CHECKS = 0;

-- ----------------------------
-- Table structure for activity
-- ----------------------------
DROP TABLE IF EXISTS `activity`;
CREATE TABLE `activity`  (
  `id` int(11) NOT NULL AUTO_INCREMENT COMMENT 'ID',
  `name` varchar(255) CHARACTER SET utf8mb4 COLLATE utf8mb4_unicode_ci NULL DEFAULT NULL COMMENT '活动名称',
  `descr` varchar(1000) CHARACTER SET utf8mb4 COLLATE utf8mb4_unicode_ci NULL DEFAULT NULL COMMENT '活动简介',
  `content` longtext CHARACTER SET utf8mb4 COLLATE utf8mb4_unicode_ci NULL COMMENT '活动内容',
  `start` varchar(255) CHARACTER SET utf8mb4 COLLATE utf8mb4_unicode_ci NOT NULL COMMENT '开始时间',
  `end` varchar(255) CHARACTER SET utf8mb4 COLLATE utf8mb4_unicode_ci NULL DEFAULT NULL COMMENT '结束时间',
  `form` varchar(255) CHARACTER SET utf8mb4 COLLATE utf8mb4_unicode_ci NULL DEFAULT NULL COMMENT '活动形式',
  `address` varchar(255) CHARACTER SET utf8mb4 COLLATE utf8mb4_unicode_ci NULL DEFAULT NULL COMMENT '活动地址',
  `host` varchar(255) CHARACTER SET utf8mb4 COLLATE utf8mb4_unicode_ci NULL DEFAULT NULL COMMENT '主办方',
  `read_count` int(11) NULL DEFAULT 0 COMMENT '浏览量',
  `cover` varchar(255) CHARACTER SET utf8mb4 COLLATE utf8mb4_unicode_ci NULL DEFAULT NULL COMMENT '封面',
  PRIMARY KEY (`id`) USING BTREE
) ENGINE = InnoDB AUTO_INCREMENT = 8 CHARACTER SET = utf8mb4 COLLATE = utf8mb4_unicode_ci COMMENT = '活动' ROW_FORMAT = DYNAMIC;

-- ----------------------------
-- Records of activity
-- ----------------------------
INSERT INTO `activity` VALUES (3, '敲代码活动', 'hh', '<p><b>hellossssp</b></p>', '2024-01-08', '2024-01-08', '线下', 'sadas', 'dsa', 8, 'http://47.109.28.131:9090/files/1704790955757-96907262.jfif');
INSERT INTO `activity` VALUES (4, '2', '2', '<p>2</p>', '2024-01-23', '2023-12-16', '线上', '22', '2', 8, 'http://47.109.28.131:9090/files/1704896273721-mtqfpn44vn5.jpg');
INSERT INTO `activity` VALUES (5, '迟意', 'ss', '<p>s</p>', '2024-01-04', '2024-01-10', '线上', 'sa', 'ss', 89, 'http://47.109.28.131:9090/files/1705065062990-4a71306d68989d164b800c84964bec67.jpg');
INSERT INTO `activity` VALUES (6, '你好', 's', '<p>s</p>', '2024-01-12', '2024-01-25', '线下', 's', 's', 71, 'http://47.109.28.131:9090/files/1705065087412-mtqfpn44vn5.jpg');
INSERT INTO `activity` VALUES (7, 'ha', 's', '<h1><b id=\"ekh1w\">nihao</b></h1><div><b><br/></b></div><div><img src=\"http://47.109.28.131:9090/files/1705067547094-8fbe9108b50d48318a7dddafa955b517.jpeg\" style=\"max-width:100%;\" contenteditable=\"false\"/></div>', '2024-01-08', '2024-01-24', '线上', 's', 's', 66, 'http://47.109.28.131:9090/files/1705065111761-下载 (1).jfif');

-- ----------------------------
-- Table structure for activity_sign
-- ----------------------------
DROP TABLE IF EXISTS `activity_sign`;
CREATE TABLE `activity_sign`  (
  `id` int(11) NOT NULL AUTO_INCREMENT COMMENT 'ID',
  `activity_id` int(11) NULL DEFAULT NULL COMMENT '活动ID',
  `user_id` int(11) NULL DEFAULT NULL COMMENT '用户ID',
  `time` varchar(255) CHARACTER SET utf8mb4 COLLATE utf8mb4_unicode_ci NOT NULL COMMENT '报名时间',
  PRIMARY KEY (`id`) USING BTREE
) ENGINE = InnoDB AUTO_INCREMENT = 9 CHARACTER SET = utf8mb4 COLLATE = utf8mb4_unicode_ci COMMENT = '活动报名表' ROW_FORMAT = Dynamic;

-- ----------------------------
-- Records of activity_sign
-- ----------------------------
INSERT INTO `activity_sign` VALUES (3, 7, 10, '2024-01-13 11:15:20');
INSERT INTO `activity_sign` VALUES (4, 6, 10, '2024-01-15 17:11:19');
INSERT INTO `activity_sign` VALUES (8, 6, 13, '2024-01-15 20:15:23');

-- ----------------------------
-- Table structure for admin
-- ----------------------------
DROP TABLE IF EXISTS `admin`;
CREATE TABLE `admin`  (
  `id` int(10) NOT NULL AUTO_INCREMENT COMMENT 'ID',
  `username` varchar(255) CHARACTER SET utf8mb4 COLLATE utf8mb4_unicode_ci NULL DEFAULT NULL COMMENT '用户名',
  `password` varchar(255) CHARACTER SET utf8mb4 COLLATE utf8mb4_unicode_ci NULL DEFAULT NULL COMMENT '密码',
  `name` varchar(255) CHARACTER SET utf8mb4 COLLATE utf8mb4_unicode_ci NULL DEFAULT NULL COMMENT '姓名',
  `avatar` varchar(255) CHARACTER SET utf8mb4 COLLATE utf8mb4_unicode_ci NULL DEFAULT NULL COMMENT '头像',
  `role` varchar(255) CHARACTER SET utf8mb4 COLLATE utf8mb4_unicode_ci NULL DEFAULT NULL COMMENT '角色标识',
  `phone` varchar(255) CHARACTER SET utf8mb4 COLLATE utf8mb4_unicode_ci NULL DEFAULT NULL COMMENT '电话',
  `email` varchar(255) CHARACTER SET utf8mb4 COLLATE utf8mb4_unicode_ci NULL DEFAULT NULL COMMENT '邮箱',
  PRIMARY KEY (`id`) USING BTREE
) ENGINE = InnoDB AUTO_INCREMENT = 2 CHARACTER SET = utf8mb4 COLLATE = utf8mb4_unicode_ci COMMENT = '管理员' ROW_FORMAT = DYNAMIC;

-- ----------------------------
-- Records of admin
-- ----------------------------
INSERT INTO `admin` VALUES (1, 'admin', 'admin', '迟意', 'http://47.109.28.131:9090/files/1704683025336-头像.jpg', 'ADMIN', '18392945246', '1256933608@qq.com');

-- ----------------------------
-- Table structure for blog
-- ----------------------------
DROP TABLE IF EXISTS `blog`;
CREATE TABLE `blog`  (
  `id` int(11) NOT NULL AUTO_INCREMENT COMMENT 'ID',
  `title` varchar(255) CHARACTER SET utf8mb4 COLLATE utf8mb4_unicode_ci NULL DEFAULT NULL COMMENT '标题',
  `content` longtext CHARACTER SET utf8mb4 COLLATE utf8mb4_unicode_ci NULL COMMENT '内容',
  `descr` varchar(255) CHARACTER SET utf8mb4 COLLATE utf8mb4_unicode_ci NULL DEFAULT NULL COMMENT '简介',
  `cover` varchar(255) CHARACTER SET utf8mb4 COLLATE utf8mb4_unicode_ci NULL DEFAULT NULL COMMENT '封面',
  `tags` varchar(255) CHARACTER SET utf8mb4 COLLATE utf8mb4_unicode_ci NULL DEFAULT NULL COMMENT '标签',
  `user_id` int(11) NULL DEFAULT NULL COMMENT '发布人ID',
  `date` varchar(255) CHARACTER SET utf8mb4 COLLATE utf8mb4_unicode_ci NULL DEFAULT NULL COMMENT '发布日期',
  `read_count` int(11) NULL DEFAULT 0 COMMENT '浏览量',
  `category_id` int(11) NULL DEFAULT NULL COMMENT '分类ID',
  PRIMARY KEY (`id`) USING BTREE
) ENGINE = InnoDB AUTO_INCREMENT = 20 CHARACTER SET = utf8mb4 COLLATE = utf8mb4_unicode_ci COMMENT = '博客信息' ROW_FORMAT = DYNAMIC;

-- ----------------------------
-- Records of blog
-- ----------------------------
INSERT INTO `blog` VALUES (1, '西北大学计算机类综合考研经验分享', '<p>最近的面试中有一个面试官问我按钮级别的权限怎么控制，我说直接v-if啊，他说不够好，我说我们项目中按钮级别的权限控制情况不多，所以v-if就够了，他说不够通用，最后他对我的评价是做过很多东西，但是都不够深入，好吧，那今天我们就来深入深入。</p><p><br/>因为我自己没有相关实践，所以接下来就从这个有16.2k星星的后台管理系统项目Vue vben admin中看看它是如何做的。</p><p><br/></p><p>要做权限控制，肯定需要一个<code>code</code>，无论是权限码还是角色码都可以，一般后端会一次性返回，然后全局存储起来就可以了，<code>Vue vben admin</code>是在登录成功以后获取并保存到全局的<code>store</code>中：</p><pre><code class=\"JavaScript\"><span class=\"hljs-keyword\">import</span> { defineStore } <span class=\"hljs-keyword\">from</span> <span class=\"hljs-string\">\'pinia\'</span>;\n<span class=\"hljs-keyword\">export</span> <span class=\"hljs-keyword\">const</span> usePermissionStore = <span class=\"hljs-title function_\">defineStore</span>({\n<span class=\"hljs-attr\">state</span>: () =&amp;gt; ({\n<span class=\"hljs-comment\">// 权限代码列表</span>\n<span class=\"hljs-attr\">permCodeList</span>: [],\n}),\n<span class=\"hljs-attr\">getters</span>: {\n<span class=\"hljs-comment\">// 获取</span>\n<span class=\"hljs-title function_\">getPermCodeList</span>(<span class=\"hljs-params\"></span>){\n<span class=\"hljs-keyword\">return</span> <span class=\"hljs-variable language_\">this</span>.<span class=\"hljs-property\">permCodeList</span>;\n},\n},\n<span class=\"hljs-attr\">actions</span>: {\n<span class=\"hljs-comment\">// 存储</span>\n<span class=\"hljs-title function_\">setPermCodeList</span>(<span class=\"hljs-params\">codeList</span>) {\n<span class=\"hljs-variable language_\">this</span>.<span class=\"hljs-property\">permCodeList</span> = codeList;\n},\n\n<span class=\"hljs-comment\">// 请求权限码</span>\n<span class=\"hljs-keyword\">async</span> <span class=\"hljs-title function_\">changePermissionCode</span>(<span class=\"hljs-params\"></span>) {\n<span class=\"hljs-keyword\">const</span> codeList = <span class=\"hljs-keyword\">await</span> <span class=\"hljs-title function_\">getPermCode</span>();\n<span class=\"hljs-variable language_\">this</span>.<span class=\"hljs-title function_\">setPermCodeList</span>(codeList);\n}\n}\n})</code></pre><p>1111</p>', '最近的面试中有一个面试官问我按钮级别的权限怎么控制，最近的面试中有一个面试官问我按钮级别的权限怎么控制，最近的面试中有一个面试官问我按钮级别的权限怎么控制，', '', '[\"前端\"]', 7, '2023-11-17', 117, 2);
INSERT INTO `blog` VALUES (3, '你的代码不堪一击！太烂了！', '<p>小王，你的页面白屏了，赶快修复一下。小王排查后发现是服务端传回来的数据格式不对导致，无数据时传回来不是 [] 而是 null, 从而导致 forEach 方法报错导致白屏，于是告诉测试，这是服务端的错误导致，要让服务端来修改，结果测试来了一句：“服务端返回数据格式错误也不能白屏！！” “好吧，千错万错都是前端的错。” 小王抱怨着把白屏修复了。</p><p><br/>刚过不久，老李喊道：“小王，你的组件又渲染不出来了。” 小王不耐烦地过来去看了一下，“你这个属性data 格式不对，要数组，你传个对象干嘛呢。”老李反驳： “ 就算 data 格式传错，也不应该整个组件渲染不出来，至少展示暂无数据吧！” “行，你说什么就是什么吧。” 小王又抱怨着把问题修复了。</p><p><br/>类似场景，小王时不时都要经历一次，久而久之，大家都觉得小王的技术太菜了。小王听到后，倍感委屈：“这都是别人的错误，反倒成为我的错了！”</p><p><br/>等到小王离职后，我去看了一下他的代码，的确够烂的，不堪一击！太烂了！下面来吐槽一下。<br/><br/></p>', '小王，你的页面白屏了，赶快修复一下。', 'http://47.109.28.131:9090/files/1701833847024-微信截图_20231117155458.png', '[\"后端\",\"Java\",\"面试\"]', 9, '2023-11-17', 210, 2);
INSERT INTO `blog` VALUES (4, '程序员更需要钝感力', '<p>讲一个大多数同学都会遇到的事，之前在一家单位随着部门发展，空降了个老大哥（前端领导）。怎么说呢那个时候自己陷入了一个极其痛苦的时期，他呢每天都很闲不干活，活呢都交给我跟另外一个哥们干，而且功劳还是他的。我很不爽，当我跟我对象说这个事的时候，她说谁让人家是领导呢！！现在再总结的时候发现好像都释怀了，那个时候每天晚上失眠睡不着。<br/><br/>那个时候痛苦的点是：<br/><br/>1. 身为领导不作为。<br/>2. 身为领导技术能力不行。<br/>3. 把我的产出都当作自己的汇报给领导。<br/><br/>其实那个时候或多或少会跟他对着干，我对象也跟我聊过这个事说不要跟领导对着干，人家是领导不干活就不干活了。好像确实没落到什么好处，最后还是人家啥活不干，痛苦的还是自己。还是要学会向上管理。 <br/>都是打工的，工期是按照人日排的，就是换个领导，怎么着你都要干活的啊！谁让你不是领导呢。</p><p>&nbsp; <br/>到现在听到有吐槽领导会不干活、技术能力不行、功劳是自己的，锅都是我的一些吐槽。我都会笑笑不说什么，其实反过来想领导的位置不允许犯错，一般当领导的年龄都很大了（可能不是那么容易找到那么符合预期的工作了），假如再犯一些低级的错误，会被领导的领导不信任等。你如果能跟领导相处很好，就是犯错了锅是你的，最后你得绩效还是好的。</p><p><br/>领导积极管理组织分享、一块搞些新奇的东西也好，不作为也好，干好自己的工作积极响应，自己擅长的领域就好好发挥，管他结果是啥呢，大家都聪明人，都看得明白的。有时间了就学点新东西，都是打工的，没必要搞得都心里不舒服，凡事多多人情世故下 哈哈 真不爽了离开就是了。<br/><br/></p>', '程序员每个人都是聪明的，都是反应灵敏的。 一个同事说过这么一句话：\"都当的了程序员，大家都是聪明人，不过有些事不好意思点破罢了，他要是真的太过分，就真的撕破脸！\"。', 'http://47.109.28.131:9090/files/1701833847024-微信截图_20231117155458.png', '[\"后端\",\"Java\"]', 9, '2023-11-17', 16, 5);
INSERT INTO `blog` VALUES (7, '一次令人窒息的百度面试一次令人窒息的百度面试一次令人窒息的百度面试', '<h1>看简历</h1><p>上来首先是万年不变的自我介绍，介绍完之后面试官就开始逐行看我的简历，并针对简历上的项目经历进行询问。询问的十分详细。</p><h1>如何实现新手指引</h1><p>问这个问题的原因是我简历上写到了使用driver.js库实现了新手指引。</p><p><br/></p><p>实现思路是：<br/><br/>点击“开始指引”：找到id为mask的元素，为该元素添加蒙层样式（setMask）<br/>添加提示信息：找到id为tip的元素，将提示信息添加为该元素的子元素(setTip)<br/>高亮当前步骤元素：找到当前目标元素，克隆目标元素，然后将克隆后的目标元素添加为curStepMask的子元素(setTip)<br/>定位tip和curStepMask的元素：curStepMask元素在当前目标元素的正上方，tip元素根据情况而定<br/>每次添加当前提示信息时要移除上一次添加的提示信息和覆盖元素（removeTip，removeStepMask）<br/><br/></p>', '最近接到了百度的面试，个人觉得基础知识准备的比较充分，就去网上找了一些百度的面经', 'http://47.109.28.131:9090/files/1704793626750-96907262.jfif', '[\"后端\",\"Java\",\"面试\"]', 7, '2023-11-17', 154, 10);
INSERT INTO `blog` VALUES (8, '2W字全面剖析Mybatis中的9种设计模式', '<div id=\"article-root\" itemprop=\"articleBody\" class=\"article-viewer markdown-body cache result\" data-v-536a572c=\"\"><style>.markdown-body{color:#595959;font-size:15px;font-family:-apple-system,system-ui,BlinkMacSystemFont,Helvetica Neue,PingFang SC,Hiragino Sans GB,Microsoft YaHei,Arial,sans-serif;background-image:linear-gradient(90deg,rgba(60,10,30,.04) 3%,transparent 0),linear-gradient(1turn,rgba(60,10,30,.04) 3%,transparent 0);background-size:20px 20px;background-position:50%}.markdown-body p{color:#595959;font-size:15px;line-height:2;font-weight:400}.markdown-body p+p{margin-top:16px}.markdown-body h1,.markdown-body h2,.markdown-body h3,.markdown-body h4,.markdown-body h5,.markdown-body h6{padding:30px 0;margin:0;color:#135ce0}.markdown-body h1{position:relative;text-align:center;font-size:22px;margin:50px 0}.markdown-body h1:before{position:absolute;content:\"\";top:-10px;left:50%;width:32px;height:32px;transform:translateX(-50%);background-size:100% 100%;opacity:.36;background-repeat:no-repeat;background:url(data:image/png;base64,iVBORw0KGgoAAAANSUhEUgAAACAAAAAgCAMAAABEpIrGAAAABGdBTUEAALGPC/xhBQAAACBjSFJNAAB6JgAAgIQAAPoAAACA6AAAdTAAAOpgAAA6mAAAF3CculE8AAABfVBMVEX///8Ad/8AgP8AgP8AgP8Aff8AgP8Af/8AgP8AVf8Af/8Af/8AgP8AgP8Af/8Afv8AAP8Afv8Afv8Aef8AgP8AdP8Afv8AgP8AgP8Acf8Ae/8AgP8Af/8AgP8Af/8Af/8AfP8Afv8AgP8Af/8Af/8Afv8Afv8AgP8Afv8AgP8Af/8Af/8AgP8AgP8Afv8AgP8Af/8AgP8AgP8AgP8Ae/8Afv8Af/8AgP8Af/8AgP8Af/8Af/8Aff8Af/8Abf8AgP8Af/8AgP8Af/8Af/8Afv8AgP8AgP8Afv8Afv8AgP8Af/8Aff8AgP8Afv8AgP8Aff8AgP8AfP8AgP8Ae/8AgP8Af/8AgP8AgP8AgP8Afv8AgP8AgP8AgP8Afv8AgP8AgP8AgP8AgP8AgP8Af/8AgP8Af/8Af/8Aev8Af/8AgP8Aff8Afv8AgP8AgP8AgP8Af/8AgP8Af/8Af/8AgP8Afv8AgP8AgP8AgP8AgP8Af/8AeP8Af/8Af/8Af//////rzEHnAAAAfXRSTlMAD7CCAivatxIDx5EMrP19AXdLEwgLR+6iCR/M0yLRzyFF7JupSXn8cw6v60Q0QeqzKtgeG237HMne850/6Qeq7QaZ+WdydHtj+OM3qENCMRYl1B3K2U7wnlWE/mhlirjkODa9FN/BF7/iNV/2kASNZpX1Wlf03C4stRGxgUPclqoAAAABYktHRACIBR1IAAAACXBIWXMAAAsTAAALEwEAmpwYAAAAB3RJTUUH4gEaBzgZ4yeM3AAAAT9JREFUOMvNUldbwkAQvCAqsSBoABE7asSOBRUVVBQNNuy9996789+9cMFAMHnVebmdm+/bmdtbQv4dOFOW2UjPzgFyLfo6nweKfIMOBYWwFtmMPGz2Yj2pJI0JDq3udJW6VVbmKa9I192VQFV1ktXUAl5NB0cd4KpnORqsEO2ZIRpF9gJfE9Dckqq0KuZt7UAH5+8EPF3spjsRpCeQNO/tA/qDwIDA+OCQbBoKA8NOdjMySgcZGVM6jwcgRuUiSs0nlPFNSrEpJfU0jTLD6llqbvKxei7OzvkFNQohi0vAsj81+MoqsCaoPOQFgus/1LyxichW+hS2JWCHZ7VlF9jb187pIAYcHiViHAMnp5mTjJ8B5xeEXF4B1ze/fTh/C0h398DDI9HB07O8ci+vRBdvdGnfP4gBuM8vw7X/G3wDmFhFZEdxzjMAAAAldEVYdGRhdGU6Y3JlYXRlADIwMTgtMDEtMjZUMDc6NTY6MjUrMDE6MDA67pVWAAAAJXRFWHRkYXRlOm1vZGlmeQAyMDE4LTAxLTI2VDA3OjU2OjI1KzAxOjAwS7Mt6gAAABl0RVh0U29mdHdhcmUAd3d3Lmlua3NjYXBlLm9yZ5vuPBoAAAAWdEVYdFRpdGxlAGp1ZWppbl9sb2dvIGNvcHlxapmKAAAAV3pUWHRSYXcgcHJvZmlsZSB0eXBlIGlwdGMAAHic4/IMCHFWKCjKT8vMSeVSAAMjCy5jCxMjE0uTFAMTIESANMNkAyOzVCDL2NTIxMzEHMQHy4BIoEouAOoXEXTyQjWVAAAAAElFTkSuQmCC)}.markdown-body h2{position:relative;font-size:20px;border-left:4px solid;padding:0 0 0 10px;margin:30px 0}.markdown-body h3{font-size:16px}.markdown-body ul{list-style:disc outside;margin-left:2em;margin-top:1em}.markdown-body li{line-height:2;color:#595959}.markdown-body img.loaded{margin:0 auto;display:block}.markdown-body blockquote{background:#fff9f9;margin:2em 0;padding:2px 20px;border-left:4px solid #b2aec5}.markdown-body blockquote p{color:#666;line-height:2}.markdown-body a{color:#036aca;border-bottom:1px solid rgba(3,106,202,.8);font-weight:400;text-decoration:none}.markdown-body em strong,.markdown-body strong{color:#036aca}.markdown-body hr{border-top:1px solid #135ce0}.markdown-body pre{overflow:auto}.markdown-body code,.markdown-body pre{overflow:auto;position:relative;line-height:1.75;font-family:Menlo,Monaco,Consolas,Courier New,monospace}.markdown-body pre>code{font-size:12px;padding:15px 12px;margin:0;word-break:normal;display:block;overflow-x:auto;color:#333;background:#f8f8f8}.markdown-body code{word-break:break-word;border-radius:2px;overflow-x:auto;background-color:#fff5f5;color:#ff502c;font-size:.87em;padding:.065em .4em}.markdown-body table{border-collapse:collapse;margin:1rem 0;overflow-x:auto}.markdown-body table td,.markdown-body table th{border:1px solid #dfe2e5;padding:.6em 1em}.markdown-body table tr{border-top:1px solid #dfe2e5}.markdown-body table tr:nth-child(2n){background-color:#f6f8fa}</style><style data-highlight=\"\">.markdown-body pre,.markdown-body pre>code.hljs{color:#333;background:#f8f8f8}.hljs-comment,.hljs-quote{color:#998;font-style:italic}.hljs-keyword,.hljs-selector-tag,.hljs-subst{color:#333;font-weight:700}.hljs-literal,.hljs-number,.hljs-tag .hljs-attr,.hljs-template-variable,.hljs-variable{color:teal}.hljs-doctag,.hljs-string{color:#d14}.hljs-section,.hljs-selector-id,.hljs-title{color:#900;font-weight:700}.hljs-subst{font-weight:400}.hljs-class .hljs-title,.hljs-type{color:#458;font-weight:700}.hljs-attribute,.hljs-name,.hljs-tag{color:navy;font-weight:400}.hljs-link,.hljs-regexp{color:#009926}.hljs-bullet,.hljs-symbol{color:#990073}.hljs-built_in,.hljs-builtin-name{color:#0086b3}.hljs-meta{color:#999;font-weight:700}.hljs-deletion{background:#fdd}.hljs-addition{background:#dfd}.hljs-emphasis{font-style:italic}.hljs-strong{font-weight:700}</style><p>在学习设计模式的过程中，我们大多数还是只停留在概念层面，很少有机会能在实际开发中用到，任何一个知识点，如果我们不能达到至少从2个方面去窥探它的话，很难真正去理解它。</p>\n<p>而阅读优秀框架的源码是我们窥探设计模式很好的途径，在Mybatis中用到了大概有9种设计模式：</p>\n<ol>\n<li>Builder模式</li>\n<li>工厂模式</li>\n<li>单例模式</li>\n<li>代理模式</li>\n<li>组合模式</li>\n<li>模板方法模式</li>\n<li>适配器模式</li>\n<li>装饰着模式</li>\n<li>迭代器模式</li></ol>\n<p>对于23种设计模式我们并不需要刻意的记忆，而且很多设计模式的实现原理很像，只不过是名字不一样，并且如果去阅读一些框架的源码的话，可以发现其实框架对很多设计模式的实 现，都并非标准的代码实现，都做了比较多的自我改进。\n实际上，这就是所谓的灵活应用, 只借鉴不照搬, 根据具体问题针对性地去解决。</p>\n<p>软件设计模式犹如剑法一样，当哪天我们真正做到：<strong>手中无剑，心中有剑，人剑合一的境界</strong>，我们才真正理解软件设计。</p></div>', '在学习设计模式的过程中，我们大多数还是只停留在概念层面，很少有机会能在实际开发中用到，任何一个知识点，如果我们不能达到至少从2个方面去窥探它的话，很难真正去理解它。', 'http://47.109.28.131:9090/files/1704793621217-2zq3dhp4myy.jpg', '[\"后端\",\"Java\",\"面试\"]', 9, '2023-11-17', 59, 10);
INSERT INTO `blog` VALUES (9, '西北大学844计算机类综合考研经验分享', '<h1>西北大学计算机类考研-25级初试高分攻略</h1><h2>个人介绍</h2><p>       本人是西北大学<strong>22级软件工程研究生</strong>，考研专业课<strong>129分</strong>，过去一年里在各大辅导机构任职，辅导考研学生专业课844，辅导总时长达<strong>400小时</strong>，辅导学生超过<strong>20余人</strong>，自编844考研笔记已经帮助<strong>百余名学子</strong>。</p><h2>版本更新 </h2><p>      在23级、24级考研过程中，我陆续整理了第一版和第二版844考研笔记，笔记主要内容来源是844、851往年真题以及我给学生上课所整理的课件，通过400小时的辅导以及百余名学子的反馈，近两年对笔记不断优化，题目以及答案不断优化，已经逐步形成了249页的、比较专业的844考研笔记。</p><h2>专业课高分经验分享 </h2><p><strong>本人目前辅导超过20余名学生，总结科学复习844经验如下：</strong></p><ul><li><p>前期学习过程：前期学习的过程可以先看王道视频，计网、操作系统、数据结构等。</p></li><li><p>中期刷题过程：1.数据结构本套笔记完全够刷，后续可补充耿国华课本每章节后的典型与提高以及课本例题即可；2.操作系统资料里有近十年真题以及典型例题，后续刷题可根据典型例题再去多找找类似的计算题做一下；3.计算机网络主要是考计算题，本套资料整理了9大类计算题，后续可针对性的找找这9类题进行训练。</p></li><li><p>后期复习过程:<strong>临考试前两个月不需要再刷任何新题，对刷过的题进行反复记忆、理解、背诵。</strong>本套资料里有很多背诵性的概念题考点也有844常考的50道代码题，反复刷资料以及中期补充的计算题即可！</p><p>经过前期、中期、后期科学复习，<strong>844计算机类综合初试125+</strong>不是什么问题！</p></li></ul><h2>2025版笔记特点</h2><ul><li><p><strong>结构清晰、答案规范、图表清晰、纯键盘输入、格式优美、11万字(共249页)</strong> </p></li><li><p>真题全面、涉及数据结构、计算机网络、操作系统能找到的所有真题。归纳了网数院845的计算机网络真题、3年的西北大学计算机网络期末题。还有给<strong>某机构出的两套844考研卷及详细解析</strong></p></li><li><p><strong>解析全面，力求准确，对真题答案不断进行优化</strong>，已经过<strong>百余名</strong>学子的检验，感谢大家反馈的意见，已优化。</p></li><li><p><strong>需要资料者，或者对资料里题目或者答案感觉有问题</strong>，欢迎随时咨询，<strong>vx：hello_chiyi </strong></p></li><li><p>本笔记适用考研人群：<strong>西北大学-计算机科学与技术(学硕-081200)； 西北大学-软件工程(学硕-083500)；西北大学-软件工程(专硕-085405) </strong></p></li></ul><h2>个人认为本笔记的突出作用</h2><ul><li><p>帮助844考研学子获得更多844的相关信息，<strong>打破自命题信息壁垒</strong>。</p></li><li><p>对历年真题进行了详细解析，<strong>格式优美，纯机打</strong>，考研学生不必为各种错误答案烦恼，<strong>节省大家搜索时间</strong>。</p></li><li><p>对844初试涉及的所有知识点进行了整理，大家不用浪费时间再去自己整理，<strong>节省大家总结时间以及降低试错成本</strong>。</p></li></ul>', '本人是西北大学22级软件工程研究生，考研专业课129分，过去一年里在各大辅导机构任职，辅导考研学生专业课844，辅导总时长达400小时，辅导学生超过20余人，自编844考研笔记已经帮助百余名学子。', 'http://47.109.28.131:9090/files/1704793615065-1123013.jpg', '[\"后端\"]', 10, '2023-11-22', 157, 1);
INSERT INTO `blog` VALUES (14, '力扣热题', '<h3 id=\"txdye\">这是测试</h3><p>这是偶发的噢噢噢噢噢噢噢噢噢噢噢噢放送大奖dfljdlksjfklsdjfklj房价开始了动静分离看似简单的是解放昆仑山搭街坊卡拉就</p><h2><span style=\"font-size: 18.72px;\"><br/></span></h2><div><pre><code class=\"C++\">class Solution {\npublic:\n    vector&amp;<span class=\"hljs-keyword\">lt</span>;<span class=\"hljs-keyword\">int</span>&amp;<span class=\"hljs-keyword\">gt</span>; maxSlidingWindow(vector&amp;<span class=\"hljs-keyword\">lt</span>;<span class=\"hljs-keyword\">int</span>&amp;<span class=\"hljs-keyword\">gt</span>;&amp; nums, <span class=\"hljs-keyword\">int</span> k) {\n        <span class=\"hljs-regexp\">//</span>单调队列解决\n        deque&amp;<span class=\"hljs-keyword\">lt</span>;<span class=\"hljs-keyword\">int</span>&amp;<span class=\"hljs-keyword\">gt</span>; dq;\n        vector&amp;<span class=\"hljs-keyword\">lt</span>;<span class=\"hljs-keyword\">int</span>&amp;<span class=\"hljs-keyword\">gt</span>; res;\n        <span class=\"hljs-keyword\">for</span>(<span class=\"hljs-keyword\">int</span> i=<span class=\"hljs-number\">0</span>;i&amp;<span class=\"hljs-keyword\">lt</span>;nums.size();i++){\n            <span class=\"hljs-regexp\">//</span>单调队列\n            //有更大的把小的撵走，更大的下标肯定更优先选择，</code><code class=\"C++\">//来小的塞到后面，防止前面大的滑出去了，小的可替\n            <span class=\"hljs-keyword\">if</span>(dq.size()&amp;&amp; i-k+<span class=\"hljs-number\">1</span> &amp;<span class=\"hljs-keyword\">gt</span>; dq.front() ) dq.pop_front();\n            <span class=\"hljs-keyword\">while</span>(dq.size() &amp;&amp; nums[i]&amp;<span class=\"hljs-keyword\">gt</span>; nums[dq.back()]) dq.pop_back();\n            dq.push_back(i);\n            <span class=\"hljs-keyword\">if</span>(i-k+<span class=\"hljs-number\">1</span>&amp;<span class=\"hljs-keyword\">gt</span>;=<span class=\"hljs-number\">0</span>) res.push_back(nums[dq.front()]);\n        }\n        <span class=\"hljs-keyword\">return</span> res;\n    }\n};</code></pre></div><h2><span style=\"font-size: 18.72px;\"><br/></span></h2><h2><span style=\"font-size: 18.72px;\"><br/></span></h2><h2><span style=\"font-size: 18.72px;\" id=\"v2rqv\">这也是测试</span></h2><p>这是<font color=\"#c24f4a\">偶发的噢噢噢噢噢噢噢噢噢噢噢噢</font>放送大奖dfljdlksjfklsdjfklj房价开始了动静分离看似简单的是解放昆仑山搭街坊卡拉就</p><pre><code class=\"Java\"><span class=\"hljs-keyword\">class</span> <span class=\"hljs-title\">Hello</span>{\n   <span class=\"hljs-function\"><span class=\"hljs-keyword\">public</span> <span class=\"hljs-keyword\">static</span> <span class=\"hljs-keyword\">void</span> <span class=\"hljs-title\">main</span>()</span>{\n   }\n}</code></pre><blockquote><p>撒旦撒可见度立刻就撒开角度考虑实际付款了</p><p>打开i大连单身快乐发送旅客到家附近的咖啡馆</p></blockquote><p><img src=\"http://47.109.28.131:9090/files/1704945716985-2zq3dhp4myy.jpg\" style=\"max-width:100%;\" contenteditable=\"false\"/></p><p><br/></p><p><br/></p>', '力扣', 'http://47.109.28.131:9090/files/1704945358867-2zq3dhp4myy.jpg', '[\"后端\",\"小白\",\"程序员\"]', 10, '2024-01-11', 90, 1);
INSERT INTO `blog` VALUES (17, '西北大学什么玩意儿考研笔记', '<p>你好 这是2025级西北大学考研经验分享</p>', '2025级考研经验22分享', 'http://47.109.28.131:9090/files/1705305655663-1123013.jpg', '[\"Java\",\"Vue\",\"后端\"]', 10, '2024-01-15', 11, 2);
INSERT INTO `blog` VALUES (18, '我是测试', '<p>66666666666666666666666666666666666666666666666666666666666666666666666666666666666666666666666666666666666666666666666666666666666666666666666666666666666666666666666666666666666666666666666666666666666666666666666666666666666666666666666666666666666666666666666666666666666666666666666666666666666666666666666666666666666666666666666666666666666666666666666666666666666666666666666666666666666666666666666666666666666666666666666666666666666666666666666666666666666666666666666666666666666666666666666666666666666666666666666666666666666666666666666666666666666666666666666666666666666666666666666666666666666666666666666666666666666666666666666666666666666666666666666666666666666666666666666666666666666666666666666666666666666666666666666666666666666666666666666666666666666666666666666666666666666666666666666666666666666666666666666666666666666666666666666666666666666666666666666666666666666666666666666666666666666666666666666666666666666666666666666666666666666666666666666666666666666666666666666666666666666666666666666666666666666666666666666666666666666666666666666666666666666666666666666666666666666666666666666666666666666666666666666666666666666666666666666666666666666666666666666666666666666666666666666666666666666666666666666666666666666666666666666666666666666666666666666666666666666666666666666666666666666666666666666666666666666666666666666666666666666666666666666666666666666666666666666666666666666666666666666666666666666666666666666666666666666666666666666666666666666666666666666666666666666666666666666666666666666666666666666666666666666666666666666666666666666666666666666666666666666666666666666666666666666666666666666666666666666666666666666666666666666666666666666666666666666666666666666666666666666666666666666666666666666666666666666666666666666666666666666666666666666666666666666666666666666666666666666666666666666666666666666666666666666666666666666666666666666666666666666666666666666666666666666666666666666666666666666666666666666666666666666666666666666666666666666666666666666666666666666666666666666666666666666666666666666666666666666666666666666666666666666666666666666666666666666666666666666666666666666666666666666666666666666666666666666666666666666666666666666666666666666666666666666666666666666666666666666666666666666666666666666666666666666666666666666666666666666666666666666666666666666666666666666666666666666666666666666666666666666666666666666666666666666666666666666666666666666666666666666666666666666666666666666666666666666666666666666666666666666666666666666666666666666666666666666666666666666666666666666666666666666666666666666666666666666666666666666666666666666666666666666666666666666666666666666666666666666666666666666666666666666666666666666666666666666666666666666666666666666666666666666666666666666666666666666666666666666666666666666666666666666666666666666666666666666666666666666666666666666666666666666666666666666666666666666666666666666666666666666666666666666666666666666666666666666666666666666666666666666666666666666666666666666666666666666666666666666666666666666666666666666666666666666666666666666666666666666666666666666666666666666666666666666666666666666666666666666666666666666666666666666666666666666666666666666666666666666666666666666666666666666666666666666666666666666666666666666666666666666666666666666666666666666666666666666666666666666666666666666666666666666666666666666666666666666666666666666666666666666666666666666666666666666666666666666666666666666666666666666666666666666666666666666666666666666666666666666666666666666666666666666666666666666666666666666666666666666666666666666666666666666666666666666666666666666666666666666666666666666666666666666666666666666666666666666666666666666666666666666666666666666666666666666666666666666666666666666666666666666666666666666666666666666666666666666666666666666666666666666666666666666666666666666666666666666666666666666666666666666666666666666666666666666666666666666666666666666666666666666666666666666666666666666666666666666666666666666666666666666666666666666666666666666666666666666666666666666666666666666666666666666666666666666666666666666666666666666666666666666666666666666666666666666666666666666666666666666666666666666666666666666666666666666666666666666666666666666666666666666666666666666666666666666666666666666666666666666666666666666666666666666666666666666666666666666666666666666666666666666666666666666666666666666666666666666666666666666666666666666666666666666666666666666666666666666666666666666666666666666666666666666666666666666666666666666666666666666666666666666666666666666666666666666666666666666666666666666666666666666666666666666666666666666666666666666666666666666666666666666666666666666666666666666666666666666666666666666666666666666666666666666666666666666666666666666666666666666666666666666666666666666666666666666666666666666666666666666666666666666666666666666666666666666666666666666666666666666666666666666666666666666666666666666666666666666666666666666666666666666666666666666666666666666666666666666666666666666666666666666666666666666666666666666666666666666666666666666666666666666666666666666666666666666666666666666666666666666666666666666666666666666666666666666666666666666666666666666666666666666666666666666666666666666666666666666666666666666666666666666666666666666666666666666666666666666666666666666666666666666666666666666666666666666666666666666666666666666666666666666666666666666666666666666666666666666666666666666666666666666666666666666666666666666666666666666666666666666666666666666666666666666666666666666666666666666666666666666666666666666666666666666666666666666666666666666666666666666666666666666666666666666666666666666666666666666666666666666666666666666666666666666666666666666666666666666666666666666666666666666666666666666666666666666666666666666666666666666666666666666666666666666666666666666666666666666666666666666666666666666666666666666666666666666666666666666666666666666666666666666666666666666666666666666666666666666666666666666666666666666666666666666666666666666666666666666666666666666666666666666666666666666666666666666666666666666666666666666666666666666666666666666666666666666666666666666666666666666666666666666666666666666666666666666666666666666666666666666666666666666666666666666666666666666666666666666666666666666666666666666666666666666666666666666666666666666666666666666666666666666666666666666666666666666666666666666666666666666666666666666666666666666666666666666666666666666666666666666666666666666666666666666666666666666666666666666666666666666666666666666666666666666666666666666666666666666666666666666666666666666666666666666666666666666666666666666666666666666666666666666666666666666666666666666666666666666666666666666666666666666666666666666666666666666666666666666666666666666666666666666666666666666666666666666666666666666666666666666666666666666666666666666666666666666666666666666666666666666666666666666666666666666666666666666666666666666666666666666666666666666666666666666666666666666666666666666666666666666666666666666666666666666666666666666666666666666666666666666666666666666666666666666666666666666666666666666666666666666666666666666666666666666666666666666666666666666666666666666666666666666666666666666666666666666666666666666666666666666666666666666666666666666666666666666666666666666666666666666666666666666666666666666666666666666666666666666666666666666666666666666666666666666666666666666666666666666666666666666666666666666666666666666666666666666666666666666666666666666666666666666666666666666666666666666666666666666666666666666666666666666666666666666666666666666666666666666666666666666666666666666666666666666666666666666666666666666666666666666666666666666666666666666666666666666666666666666666666666666666666666666666666666666666666666666666666666666666666666666666666666666666666666666666666666666666666666666666666666666666666666666666666666666666666666666666666666666666666666666666666666666666666666666666666666666666666666666666666666666666666666666666666666666666666666666666666666666666666666666666666666666666666666666666666666666666666666666666666666666666666666666666666666666666666666666666666666666666666666666666666666666666666666666666666666666666666666666666666666666666666666666666666666666666666666666666666666666666666666666666666666666666666666666666666666666666666666666666666666666666666666666666666666666666666666666666666666666666666666666666666666666666666666666666666666666666666666666666666666666666666666666666666666666666666666666666666666666666666666666666666666666666666666666666666666666666666666666666666666666666666666666666666666666666666666666666666666666666666666666666666666666666666666666666666666666666666666666666666666666666666666666666666666666666666666666666666666666666666666666666666666666666666666666666666666666666666666666666666666666666666666666666666666666666666666666666666666666666666666666666666666666666666666666666666666666666666666666666666666666666666666666666666666666666666666666666666666666666666666666666666666666666666666666666666666666666666666666666666666666666666666666666666666666666666666666666666666666666666666666666666666666666666666666666666666666666666666666666666666666666666666666666666666666666666666666666666666666666666666666666666666666666666666666666666666666666666666666666666666666666666666666666666666666666666666666666666666666666666666666666666666666666666666666666666666666666666666666666666666666666666666666666666666666666666666666666666666666666666666666666666666666666666666666666666666666666666666666666666666666666666666666666666666666666666666666666666666666666666666666666666666666666666666666666666666666666666666666666666666666666666666666666666666666666666666666666666666666666666666666666666666666666666666666666666666666666666666666666666666666666666666666666666666666666666666666666666666666666666666666666666666666666666666666666666666666666666666666666666666666666666666666666666666666666666666666666666666666666666666666666666666666666666666666666666666666666666666666666666666666666666666666666666666666666666666666666666666666666666666666666666666666666666666666666666666666666666666666666666666666666666666666666666666666666666666666666666666666666666666666666666666666666666666666666666666666666666666666666666666666666666666666666666666666666666666666666666666666666666666666666666666666666666666666666666666666666666666666666666666666666666666666666666666666666666666666666666666666666666666666666666666666666666666666666666666666666666666666666666666666666666666666666666666666666666666666666666666666666666666666666666666666666666666666666666666666666666666666666666666666666666666666666666666666666666666666666666666666666666666666666666666666666666666666666666666666666666666666666666666666666666666666666666666666666666666666666666666666666666666666666666666666666666666666666666666666666666666666666666666666666666666666666666666666666666666666666666666666666666666666666666666666666666666666666666666666666666666666666666666666666666666666666666666666666666666666666666666666666666666666666666666666666666666666666666666666666666666666666666666666666666666666666666666666666666666666666666666666666666666666666666666666666666666666666666666666666666666666666666666666666666666666666666666666666666666666666666666666666666666666666666666666666666666666666666666666666666666666666666666666666666666666666666666666666666666666666666666666666666666666666666666666666666666666666666666666666666666666666666666666666666666666666666666666666666666666666666666666666666666666666666666666666666666666666666666666666666666666666666666666666666666666666666666666666666666666666666666666666666666666666666666666666666666666666666666666666666666666666666666666666666666666666666666666666666666666666666666666666666666666666666666666666666666666666666666666666666666666666666666666666666666666666666666666666666666666666666666666666666666666666666666666666666666666666666666666666666666666666666666666666666666666666666666666666666666666666666666666666666666666666666666666666666666666666666666666666666666666666666666666666666666666666666666666666666666666666666666666666666666666666666666666666666666666666666666666666666666666666666666666666666666666666666666666666666666666666666666666666666666666666666666666666666666666666666666666666666666666666666666666666666666666666666666666666666666666666666666666666666666666666666666666666666666666666666666666666666666666666666666666666666666666666666666666666666666666666666666666666666666666666666666666666666666666666666666666666666666666666666666666666666666666666666666666666666666666666666666666666666666666666666666666666666666666666666666666666666666666666666666666666666666666666666666666666666666666666666666666666666666666666666666666666666666666666666666666666666666666666666666666666666666666666666666666666666666666666666666666666666666666666666666666666666666666666666666666666666666666666666666666666666666666666666666666666666666666666666666666666666666666666666666666666666666666666666666666666666666666666666666666666666666666666666666666666666666666666666666666666666666666666666666666666666666666666666666666666666666666666666666666666666666666666666666666666666666666666666666666666666666666666666666666666666666666666666666666666666666666666666666666666666666666666666666666666666666666666666666666666666666666666666666666666666666666666666666666666666666666666666666666666666666666666666666666666666666666666666666666666666666666666666666666666666666666666666666666666666666666666666666666666666666666666666666666666666666666666666666666666666666666666666666666666666666666666666666666666666666666666666666666666666666666666666666666666666666666666666666666666666666666666666666666666666666666666666666666666666666666666666666666666666666666666666666666666666666666666666666666666666666666666666666666666666666666666666666666666666666666666666666666666666666666666666666666666666666666666666666666666666666666666666666666666666666666666666666666666666666666666666666666666666666666666666666666666666666666666666666666666666666666666666666666666666666666666666666666666666666666666666666666666666666666666666666666666666666666666666666666666666666666666666666666666666666666666666666666666666666666666666666666666666666666666666666666666666666666666666666666666666666666666666666666666666666666666666666666666666666666666666666666666666666666666666666666666666666666666666666666666666666666666666666666666666666666666666666666666666666666666666666666666666666666666666666666666666666666666666666666666666666666666666666666666666666666666666666666666666666666666666666666666666666666666666666666666666666666666666666666666666666666666666666666666666666666666666666666666666666666666666666666666666666666666666666666666666666666666666666666666666666666666666666666666666666666666666666666666666666666666666666666666666666666666666666666666666666666666666666666666666666666666666666666666666666666666666666666666666666666666666666666666666666666666666666666666666666666666666666666666666666666666666666666666666666666666666666666666666666666666666666666666666666666666666666666666666666666666666666666666666666666666666666666666666666666666666666666666666666666666666666666666666666666666666666666666666666666666666666666666666666666666666666666666666666666666666666666666666666666</p>', '我是测试', 'http://47.109.28.131:9090/files/1705305937656-1123013.jpg', '[\"后端\",\"Java\",\"面试\"]', 12, '2024-01-15', 23, 4);
INSERT INTO `blog` VALUES (19, '211', '<p>12112112112112112112112112112112112112112112112112112112112112112112112112112112112112112112112112112112112112112112112112112112112112112112112112112112112112112112112112112112112112112112112112112112112112112112112112112112112112112112112112112112112112112121121121121121121121121121121121121121121121121121121121121121121121121121121121121121121121121121121121121121121121121121121121211211211211211211211211211211211211211211211211211211211211211211211211211211211211211211211211211211211211211211211211211211212112112112112112112112112112112112112112112112112112112112112112112112112112112112112112112112112112112112112112112112112112112121121121121121121121121121121121121121121121121121121121121121121121121121121121121121121121121121121121121121121121121121121121211211211211211211211211211211211211211211211211211211211211211211211211211211211211211211211211211211211211211211211211211211212112112112112112112112112112112112112112112112112112112112112112112112112112112112112112112112112112112112112112112112112112112121121121121121121121121121121121121121121121121121121121121121121121121121121121121121121121121121121121121121121121121121121121211211211211211211211211211211211211211211211211211211211211211211211211211211211211211211211211211211211211211211211211211211212112112112112112112112112112112112112112112112112112112112112112112112112112112112112112112112112112112112112112112112112112112121121121121121121121121121121121121121121121121121121121121121121121121121121121121121121121121121121121121121121121121121121121211211211211211211211211211211211211211211211211211211211211211211211211211211211211211211211211211211211211211211211211211211212112112112112112112112112112112112112112112112112112112112112112112112112112112112112112112112112112112112112112112112112112112121121121121121121121121121121121121121121121121121121121121121121121121121121121121121121121121121121121121121121121121121121121211211211211211211211211211211211211211211211211211211211211211211211211211211211211211211211211211211211211211211211211211211212112112112112112112112112112112112112112112112112112112112112112112112112112112112112112112112112112112112112112112112112112112121121121121121121121121121121121121121121121121121121121121121121121121121121121121121121121121121121121121121121121121121121121121121121121121121</p>', '121', NULL, '[\"Java\"]', 10, '2024-01-15', 18, 1);

-- ----------------------------
-- Table structure for category
-- ----------------------------
DROP TABLE IF EXISTS `category`;
CREATE TABLE `category`  (
  `id` int(11) NOT NULL AUTO_INCREMENT COMMENT 'ID',
  `name` varchar(255) CHARACTER SET utf8mb4 COLLATE utf8mb4_unicode_ci NULL DEFAULT NULL COMMENT '分类名称',
  PRIMARY KEY (`id`) USING BTREE
) ENGINE = InnoDB AUTO_INCREMENT = 9 CHARACTER SET = utf8mb4 COLLATE = utf8mb4_unicode_ci COMMENT = '博客分类' ROW_FORMAT = DYNAMIC;

-- ----------------------------
-- Records of category
-- ----------------------------
INSERT INTO `category` VALUES (1, '后端');
INSERT INTO `category` VALUES (2, '前端');
INSERT INTO `category` VALUES (4, '大数据');
INSERT INTO `category` VALUES (5, '代码人生');
INSERT INTO `category` VALUES (6, '算法');
INSERT INTO `category` VALUES (7, '人工智能');
INSERT INTO `category` VALUES (8, 'hello');

-- ----------------------------
-- Table structure for collect
-- ----------------------------
DROP TABLE IF EXISTS `collect`;
CREATE TABLE `collect`  (
  `id` int(11) NOT NULL AUTO_INCREMENT COMMENT 'ID',
  `fid` int(11) NULL DEFAULT NULL COMMENT '关联ID',
  `user_id` int(11) NULL DEFAULT NULL COMMENT '收藏ID',
  `module` varchar(255) CHARACTER SET utf8mb4 COLLATE utf8mb4_unicode_ci NULL DEFAULT NULL COMMENT '模块',
  PRIMARY KEY (`id`) USING BTREE
) ENGINE = InnoDB AUTO_INCREMENT = 194 CHARACTER SET = utf8mb4 COLLATE = utf8mb4_unicode_ci COMMENT = '收藏表' ROW_FORMAT = Dynamic;

-- ----------------------------
-- Records of collect
-- ----------------------------
INSERT INTO `collect` VALUES (33, 9, 9, '博客');
INSERT INTO `collect` VALUES (56, 4, 1, '博客');
INSERT INTO `collect` VALUES (134, 9, 1, '博客');
INSERT INTO `collect` VALUES (184, 9, 10, '博客');
INSERT INTO `collect` VALUES (190, 19, 10, '博客');
INSERT INTO `collect` VALUES (191, 3, 10, '活动');

-- ----------------------------
-- Table structure for comment
-- ----------------------------
DROP TABLE IF EXISTS `comment`;
CREATE TABLE `comment`  (
  `id` int(11) NOT NULL AUTO_INCREMENT COMMENT 'ID',
  `content` varchar(500) CHARACTER SET utf8mb4 COLLATE utf8mb4_unicode_ci NULL DEFAULT NULL COMMENT '内容',
  `user_id` int(11) NULL DEFAULT NULL COMMENT '评论人',
  `pid` int(11) NULL DEFAULT NULL COMMENT '父级ID',
  `root_id` int(11) NULL DEFAULT NULL COMMENT '根节点ID',
  `time` varchar(255) CHARACTER SET utf8mb4 COLLATE utf8mb4_unicode_ci NULL DEFAULT NULL COMMENT '评论时间',
  `fid` int(11) NULL DEFAULT NULL COMMENT '关联ID也就是哪篇博客',
  `module` varchar(255) CHARACTER SET utf8mb4 COLLATE utf8mb4_unicode_ci NULL DEFAULT NULL COMMENT '模块',
  PRIMARY KEY (`id`) USING BTREE
) ENGINE = InnoDB AUTO_INCREMENT = 69 CHARACTER SET = utf8mb4 COLLATE = utf8mb4_vietnamese_ci COMMENT = '评论表' ROW_FORMAT = DYNAMIC;

-- ----------------------------
-- Records of comment
-- ----------------------------
INSERT INTO `comment` VALUES (14, 'sdas', 9, 16, 13, '2024-01-11 21:51:16', 3, '博客');
INSERT INTO `comment` VALUES (16, '这是回复的内容1', 7, 13, 13, '2024-01-11 21:51:16', 3, '博客');
INSERT INTO `comment` VALUES (19, '这是回复的内容2', 7, 16, 13, '2024-01-11 21:51:16', 3, '博客');
INSERT INTO `comment` VALUES (25, '撒', 10, 23, 25, '2024-01-12 13:51:28', 3, '博客');
INSERT INTO `comment` VALUES (26, 'hell了', 10, 24, 26, '2024-01-12 13:56:19', 3, '博客');
INSERT INTO `comment` VALUES (29, '你是谁', 10, 3, 3, '2024-01-12 14:02:14', 8, '博客');
INSERT INTO `comment` VALUES (42, 'wdddddddddddddddddddddddddddddddddddddddddddddddddd', 10, 22, 22, '2024-01-12 15:12:42', 3, '博客');
INSERT INTO `comment` VALUES (49, '你好呀\n', 9, 15, 15, '2024-01-12 15:33:07', 8, '博客');
INSERT INTO `comment` VALUES (52, '好的 我知道了', 11, 9, 9, '2024-01-12 20:48:08', 1, '博客');
INSERT INTO `comment` VALUES (53, '哈啊哈', 11, 11, 11, '2024-01-12 20:58:02', 7, '博客');
INSERT INTO `comment` VALUES (54, '嗯嗯', NULL, 20, 20, '2024-01-12 21:26:33', 9, '博客');
INSERT INTO `comment` VALUES (55, '你好', NULL, NULL, 55, '2024-01-12 21:58:05', 7, '活动');
INSERT INTO `comment` VALUES (56, '你是回', NULL, NULL, 56, '2024-01-12 21:58:11', 7, '活动');
INSERT INTO `comment` VALUES (57, '唉', NULL, 56, 56, '2024-01-12 21:58:16', 7, '活动');
INSERT INTO `comment` VALUES (60, '???', 11, 59, 55, '2024-01-12 21:59:37', 7, '活动');
INSERT INTO `comment` VALUES (61, '有点东西', 11, 58, 56, '2024-01-12 21:59:50', 7, '活动');
INSERT INTO `comment` VALUES (62, '你好呀', 11, NULL, 62, '2024-01-12 22:00:11', 4, '活动');
INSERT INTO `comment` VALUES (65, 'nih', 10, 40, 40, '2024-01-13 12:20:36', 8, '博客');
INSERT INTO `comment` VALUES (67, '666', 10, 53, 11, '2024-01-13 12:22:27', 7, '博客');

-- ----------------------------
-- Table structure for likes
-- ----------------------------
DROP TABLE IF EXISTS `likes`;
CREATE TABLE `likes`  (
  `id` int(11) NOT NULL AUTO_INCREMENT COMMENT 'ID',
  `fid` int(11) NULL DEFAULT NULL COMMENT '关联ID',
  `user_id` int(11) NULL DEFAULT NULL COMMENT '点赞ID',
  `module` varchar(255) CHARACTER SET utf8mb4 COLLATE utf8mb4_unicode_ci NULL DEFAULT NULL COMMENT '模块',
  PRIMARY KEY (`id`) USING BTREE
) ENGINE = InnoDB AUTO_INCREMENT = 217 CHARACTER SET = utf8mb4 COLLATE = utf8mb4_unicode_ci COMMENT = '点赞表' ROW_FORMAT = Dynamic;

-- ----------------------------
-- Records of likes
-- ----------------------------
INSERT INTO `likes` VALUES (66, 14, 1, '博客');
INSERT INTO `likes` VALUES (80, 3, 1, '博客');
INSERT INTO `likes` VALUES (99, 8, 9, '博客');
INSERT INTO `likes` VALUES (197, 7, 10, '博客');
INSERT INTO `likes` VALUES (198, 9, 10, '博客');
INSERT INTO `likes` VALUES (201, 17, 11, '博客');
INSERT INTO `likes` VALUES (203, 7, 12, '博客');
INSERT INTO `likes` VALUES (211, 4, 10, '博客');
INSERT INTO `likes` VALUES (213, 3, 10, '活动');
INSERT INTO `likes` VALUES (215, 7, 10, '活动');

-- ----------------------------
-- Table structure for notice
-- ----------------------------
DROP TABLE IF EXISTS `notice`;
CREATE TABLE `notice`  (
  `id` int(11) NOT NULL AUTO_INCREMENT COMMENT 'ID',
  `title` varchar(255) CHARACTER SET utf8mb4 COLLATE utf8mb4_unicode_ci NULL DEFAULT NULL COMMENT '标题',
  `content` varchar(255) CHARACTER SET utf8mb4 COLLATE utf8mb4_unicode_ci NULL DEFAULT NULL COMMENT '内容',
  `time` varchar(255) CHARACTER SET utf8mb4 COLLATE utf8mb4_unicode_ci NULL DEFAULT NULL COMMENT '创建时间',
  `user` varchar(255) CHARACTER SET utf8mb4 COLLATE utf8mb4_unicode_ci NULL DEFAULT NULL COMMENT '创建人',
  PRIMARY KEY (`id`) USING BTREE
) ENGINE = InnoDB AUTO_INCREMENT = 4 CHARACTER SET = utf8mb4 COLLATE = utf8mb4_unicode_ci COMMENT = '公告信息表' ROW_FORMAT = DYNAMIC;

-- ----------------------------
-- Records of notice
-- ----------------------------
INSERT INTO `notice` VALUES (1, '今天系统正式上线，开始内测', '今天系统正式上线，开始内测', '2023-09-05', 'admin');
INSERT INTO `notice` VALUES (2, '所有功能都已完成，可以正常使用', '所有功能都已完成，可以正常使用', '2023-09-05', 'admin');
INSERT INTO `notice` VALUES (3, '今天天气很不错，可以出去一起玩了', '今天天气很不错，可以出去一起玩了', '2023-09-05', 'admin');

-- ----------------------------
-- Table structure for user
-- ----------------------------
DROP TABLE IF EXISTS `user`;
CREATE TABLE `user`  (
  `id` int(10) NOT NULL AUTO_INCREMENT COMMENT 'ID',
  `username` varchar(255) CHARACTER SET utf8mb4 COLLATE utf8mb4_unicode_ci NULL DEFAULT NULL COMMENT '用户名',
  `password` varchar(255) CHARACTER SET utf8mb4 COLLATE utf8mb4_unicode_ci NULL DEFAULT NULL COMMENT '密码',
  `name` varchar(255) CHARACTER SET utf8mb4 COLLATE utf8mb4_unicode_ci NULL DEFAULT NULL COMMENT '姓名',
  `avatar` varchar(255) CHARACTER SET utf8mb4 COLLATE utf8mb4_unicode_ci NULL DEFAULT NULL COMMENT '头像',
  `role` varchar(255) CHARACTER SET utf8mb4 COLLATE utf8mb4_unicode_ci NULL DEFAULT NULL COMMENT '角色标识',
  `sex` varchar(255) CHARACTER SET utf8mb4 COLLATE utf8mb4_unicode_ci NULL DEFAULT NULL COMMENT '性别',
  `phone` varchar(255) CHARACTER SET utf8mb4 COLLATE utf8mb4_unicode_ci NULL DEFAULT NULL COMMENT '电话',
  `email` varchar(255) CHARACTER SET utf8mb4 COLLATE utf8mb4_unicode_ci NULL DEFAULT NULL COMMENT '邮箱',
  `info` varchar(255) CHARACTER SET utf8mb4 COLLATE utf8mb4_unicode_ci NULL DEFAULT NULL COMMENT '简介',
  `birth` varchar(255) CHARACTER SET utf8mb4 COLLATE utf8mb4_unicode_ci NULL DEFAULT NULL COMMENT '生日',
  PRIMARY KEY (`id`) USING BTREE
) ENGINE = InnoDB AUTO_INCREMENT = 14 CHARACTER SET = utf8mb4 COLLATE = utf8mb4_unicode_ci COMMENT = '用户信息' ROW_FORMAT = DYNAMIC;

-- ----------------------------
-- Records of user
-- ----------------------------
INSERT INTO `user` VALUES (7, '4541', '123', '4541', 'http://47.109.28.131:9090/files/1704983241013-mtqfpn44vn5.jpg', 'USER', NULL, NULL, NULL, NULL, NULL);
INSERT INTO `user` VALUES (9, '11111', '123', '池儿', 'http://47.109.28.131:9090/files/1704983234579-20220914010326732.png.557.332.jpg', 'USER', '男', '18392945246', '1256933608@qq.com', 'hello,你好，我是迟意', '1999-05-24');
INSERT INTO `user` VALUES (10, '666', '666', '迟意666', 'http://47.109.28.131:9090/files/1705318718155-1123013.jpg', 'USER', '男', '18392945246', '1256933608@qq.com', 'hello,你好，我是迟意', NULL);
INSERT INTO `user` VALUES (11, '888', '888', '池儿', 'http://47.109.28.131:9090/files/1705064298528-4a71306d68989d164b800c84964bec67.jpg', 'USER', NULL, NULL, NULL, NULL, NULL);
INSERT INTO `user` VALUES (12, '999', '999', 'hhh', 'http://47.109.28.131:9090/files/1705305842991-4a71306d68989d164b800c84964bec67.jpg', 'USER', NULL, '18392945246', '1256933608@qq.com', NULL, NULL);
INSERT INTO `user` VALUES (13, '111', '111', 'hhh', 'http://47.109.28.131:9090/files/1705318964883-96907262.jfif', 'USER', NULL, '18392945246', '1256933608@qq.com', NULL, NULL);

SET FOREIGN_KEY_CHECKS = 1;
